rpm,iteration,pressure_residual,p_start_pa,p_end_pa
2200.0,1,1.2615052941803311e-07,101325.0,101325.0127822024
2300.0,1,1.2237897573386832e-07,101325.0,101325.01240004972
2400.0,1,1.075045148091326e-07,101325.0,101325.01089289496
2500.0,1,1.055646536719213e-07,101325.0,101325.01069633853
2600.0,1,9.478063623278657e-08,101325.0,101325.00960364797
2700.0,1,9.37551314223998e-08,101325.0,101325.00949973869
2800.0,1,8.115847730035292e-08,101325.0,101325.00822338271
2900.0,1,8.344683314650853e-08,101325.0,101325.00845525037
3000.0,1,7.757327372638856e-08,101325.0,101325.00786011196
3100.0,1,6.748558636299775e-08,101325.0,101325.00683797704
3200.0,1,6.751931736499895e-08,101325.0,101325.00684139483
3300.0,1,1.7508335320553367e-08,101325.0,101325.00177403208
3400.0,1,6.064690012198016e-08,101325.0,101325.00614504715
3500.0,1,7.766916752475101e-05,101325.0,101317.13017160055
3600.0,1,0.00033418040001655054,101325.0,101291.13917096832
3600.0,2,1.1938109955903183e-05,101291.13917096832,101289.92994621134
3700.0,1,0.0006810186828883059,101325.0,101255.99578195634
3700.0,2,3.7483050885047336e-05,101255.99578195634,101252.20039831403
3800.0,1,0.0011214674792777886,101325.0,101211.36730766218
3800.0,2,8.360502115952446e-05,101211.36730766218,101202.90552915684
3900.0,1,0.0016959569733048167,101325.0,101153.15715967989
3900.0,2,0.0001622567928672688,101153.15715967989,101136.74437281076
3900.0,3,1.7028905542338526e-05,101136.74437281076,101135.02212474398
4000.0,1,0.0022861117485373185,101325.0,101093.35972707946
4000.0,2,0.00026256298002375115,101093.35972707946,101066.8163532889
4000.0,3,3.3121938685459525e-05,101066.8163532889,101063.46882439451
4100.0,1,0.0030351014514423836,101325.0,101017.4683454326
4100.0,2,0.0004130736756583297,101017.4683454326,100975.74068847745
4100.0,3,6.183854087669387e-05,100975.74068847745,100969.49649600933
4200.0,1,0.003884775793508205,101325.0,100931.37509272278
4200.0,2,0.0006121336894379304,100931.37509272278,100869.59159770723
4200.0,3,0.00010624576618309533,100869.59159770723,100858.87463066335
4200.0,4,1.8627584714900853e-05,100858.87463066335,100856.99587343192
4300.0,1,0.004748511084779168,101325.0,100843.85711433475
4300.0,2,0.0008435454475028254,100843.85711433475,100758.79073775733
4300.0,3,0.0001652572330653777,100758.79073775733,100742.139618793
4300.0,4,3.275545777002946e-05,100742.139618793,100738.83976389305
4400.0,1,0.005697317148699453,101325.0,100747.71933990803
4400.0,2,0.0011269443808830826,100747.71933990803,100634.18226371113
4400.0,3,0.00024608327796321686,100634.18226371113,100609.41787426453
4400.0,4,5.44543907906899e-05,100609.41787426453,100603.93924970638
4500.0,1,0.0064950194807329425,101325.0,100666.89215111473
4500.0,2,0.0013931709403464522,100666.89215111473,100526.64596231481
4500.0,3,0.0003301399710484265,100526.64596231481,100493.45809832722
4500.0,4,7.93859975188995e-05,100493.45809832722,100485.48032491196
4600.0,1,0.00760003976077201,101325.0,100554.92597123978
4600.0,2,0.0017838255728053476,100554.92597123978,100375.55352282073
4600.0,3,0.00046286038002699256,100375.55352282073,100329.09365597174
4600.0,4,0.00012206493040338033,100329.09365597174,100316.84699213719
4600.0,5,3.232113463306399e-05,100316.84699213719,100313.60463781959
4700.0,1,0.008633288072303003,101325.0,100450.2320860739
4700.0,2,0.002182818452243415,100450.2320860739,100230.96746594428
4700.0,3,0.0006103940240295716,100230.96746594428,100169.78708238037
4700.0,4,0.000173721570694651,100169.78708238037,100152.38542963227
4700.0,5,4.967570378794116e-05,100152.38542963227,100147.41028940001
4800.0,1,0.009894613141025294,101325.0,100322.42832348561
4800.0,2,0.0026983179860631343,100322.42832348561,100051.72651073482
4800.0,3,0.0008140411706604387,100051.72651073482,99970.28028615942
4800.0,4,0.00025031784221071323,99970.28028615942,99945.255941313
4800.0,5,7.739627535649476e-05,99945.255941313,99937.52055076358
4900.0,1,0.011346096936657411,101325.0,100175.35672789319
4900.0,2,0.0033290597224769954,100175.35672789319,99841.8669826256
4900.0,3,0.0010805809213972773,99841.8669826256,99733.97976600748
4900.0,4,0.0003580301544568475,99733.97976600748,99698.27199382726
4900.0,5,0.00011937896384181572,99698.27199382726,99686.37011741982
4900.0,6,3.988699022545497e-05,99686.37011741982,99682.39392814934
5000.0,1,0.01259948380851953,101325.0,100048.35730310176
5000.0,2,0.003917617328498977,100048.35730310176,99656.40612484327
5000.0,3,0.0013473640421486387,99656.40612484327,99522.1326666609
5000.0,4,0.00047357089219603974,99522.1326666609,99475.00188150069
5000.0,5,0.0001676279550953287,99475.00188150069,99458.32709035219
5000.0,6,5.947906524187414e-05,99458.32709035219,99452.41140202634
5100.0,1,0.014149596186316641,101325.0,99891.29216642147
5100.0,2,0.004673022942411154,99891.29216642147,99424.49786638068
5100.0,3,0.001706345502850649,99424.49786638068,99254.8453215732
5100.0,4,0.0006375200286505857,99254.8453215732,99191.56836974008
5100.0,5,0.00024006612332159853,99191.56836974008,99167.75583445537
5100.0,6,9.0659807345148e-05,99167.75583445537,99158.76530481657
5200.0,1,0.0155994443221595,101325.0,99744.38630405719
5200.0,2,0.005423166386661097,99744.38630405719,99203.45590099489
5200.0,3,0.002083435682603189,99203.45590099489,98996.7718811332
5200.0,4,0.000819782609980727,98996.7718811332,98915.61604910082
5200.0,5,0.0003253423706993451,98915.61604910082,98883.43460807622
5200.0,6,0.0001295423706247042,98883.43460807622,98870.62501354158
5200.0,7,5.164698112188195e-05,98870.62501354158,98865.51864423799
5300.0,1,0.0178427398419369,101325.0,99517.08438551574
5300.0,2,0.006603248920696153,99517.08438551574,98859.94830545626
5300.0,3,0.0026976137096874357,98859.94830545626,98593.26235356847
5300.0,4,0.0011299992278434822,98593.26235356847,98481.85204323837
5300.0,5,0.0004778459057520471,98481.85204323837,98434.79289344863
5300.0,6,0.0002028477151906688,98434.79289344863,98414.82562061492
5300.0,7,8.624844142297812e-05,98414.82562061492,98406.33749529223
5400.0,1,0.01924912691995523,101325.0,99374.58221483554
5400.0,2,0.00741403696454873,99374.58221483554,98637.81538895816
5400.0,3,0.003149832167529572,98637.81538895816,98327.12282511118
5400.0,4,0.0013730816601627996,98327.12282511118,98192.11165606344
5400.0,5,0.000604607894337525,98192.11165606344,98132.74393019451
5400.0,6,0.0002673587433564813,98132.74393019451,98106.50728309521
5400.0,7,0.00011844463715877117,98106.50728309521,98094.88709343715
5400.0,8,5.251558895509846e-05,98094.88709343715,98089.73558266796
5500.0,1,0.01972303909351083,101325.0,99326.56306385002
5500.0,2,0.007760658309770344,99326.56306385002,98555.72354682762
5500.0,3,0.0033671813541493838,98555.72354682762,98223.86855215604
5500.0,4,0.0014996342975665527,98223.86855215604,98076.56867003556
5500.0,5,0.0006748712922681767,98076.56867003556,98010.37960939598
5500.0,6,0.0003050701426242967,98010.37960939598,97980.47956890988
5500.0,7,0.00013817832619747618,97980.47956890988,97966.94079024302
5500.0,8,6.264219796268973e-05,97966.94079024302,97960.80392574424
5600.0,1,0.020182171547044055,101325.0,99280.04146799576
5600.0,2,0.00810480902650918,99280.04146799576,98475.39569175374
5600.0,3,0.0035876119856001623,98475.39569175374,98122.10418188329
5600.0,4,0.0016307254996890874,98122.10418188329,97962.09396451074
5600.0,5,0.0007492300379285892,97962.09396451074,97888.69782113415
5600.0,6,0.00034585260768416976,97888.69782113415,97854.8427597299
5600.0,7,0.00015998891140193625,97854.8427597299,97839.18706996136
5600.0,8,7.408182068226903e-05,97839.18706996136,97831.93896484915
5700.0,1,0.02118232474348964,101325.0,99178.70094536591
5700.0,2,0.008749031239654372,99178.70094536591,98310.98339248657
5700.0,3,0.003980398254180803,98310.98339248657,97919.66652582432
5700.0,4,0.0018603535991615844,97919.66652582432,97737.5013217743
5700.0,5,0.0008792420206692443,97737.5013217743,97651.56640361698
5700.0,6,0.00041763546374809507,97651.56640361698,97610.78364639627
5700.0,7,0.00019883664017056573,97610.78364639627,97591.37504613161
5700.0,8,9.47700821534375e-05,97591.37504613161,97582.12630350102
5800.0,1,0.022108398720189004,101325.0,99084.86649967685
5800.0,2,0.009367696075697334,99084.86649967685,98156.66958460683
5800.0,3,0.00436898990171746,98156.66958460683,97727.82408640547
5800.0,4,0.0020940808178115805,97727.82408640547,97523.17412461966
5800.0,5,0.0010153524353861978,97523.17412461966,97424.15373226564
5800.0,6,0.0004949277238881407,97424.15373226564,97375.9358176072
5800.0,7,0.00024185821614530984,97375.9358176072,97352.38464747487
5800.0,8,0.00011833363250004966,97352.38464747487,97340.864586167
5800.0,9,5.793120031901073e-05,97340.864586167,97335.22551304143
5900.0,1,0.022897663809540145,101325.0,99004.89421449834
5900.0,2,0.009921997401390974,99004.89421449834,98022.5679113771
5900.0,3,0.004729258309603777,98022.5679113771,97558.99386755352
5900.0,4,0.002317321613048335,97558.99386755352,97332.91830251699
5900.0,5,0.0011490444272111411,97332.91830251699,97221.07845515729
5900.0,6,0.0005729307480801774,97221.07845515729,97165.37750994881
5900.0,7,0.0002864437091048885,97165.37750994881,97137.54509881829
5900.0,8,0.00014340180769188414,97137.54509881829,97123.61539925636
5900.0,9,7.18385449629659e-05,97123.61539925636,97116.63818004454
6000.0,1,0.02379721436985106,101325.0,98913.74725397484
6000.0,2,0.010550298029842475,98913.74725397484,97870.1777411969
6000.0,3,0.005141130901397194,97870.1777411969,97367.01434608639
6000.0,4,0.0025761682772530996,97367.01434608639,97116.18053247716
6000.0,5,0.0013067459036939294,97116.18053247716,96989.27436138394
6000.0,6,0.0006667126672887893,96989.27436138394,96924.61038357606
6000.0,7,0.00034114583705188023,96924.61038357606,96891.54495623583
6000.0,8,0.00017481298032207413,96891.54495623583,96874.60705649402
6000.0,9,8.964557581341129e-05,96874.60705649402,96865.92267656274
6100.0,1,0.025243282807736737,101325.0,98767.22436950608
6100.0,2,0.011513402397053866,98767.22436950608,97630.07757169985
6100.0,3,0.005765270465938068,97630.07757169985,97067.21376888848
6100.0,4,0.0029694217072342827,97067.21376888848,96778.9802772624
6100.0,5,0.001548775899148524,96778.9802772624,96629.0913250648
6100.0,6,0.0008127841570041778,96629.0913250648,96550.55273053008
6100.0,7,0.00042787644581943193,96550.55273053008,96509.24102318584
6100.0,8,0.00022561287838478473,96509.24102318584,96487.46729552787
6100.0,9,0.00011906292662360739,96487.46729552787,96475.97921528916
6100.0,10,6.286111915127704e-05,96475.97921528916,96469.91462726447
6200.0,1,0.027116216282084396,101325.0,98577.4493852178
6200.0,2,0.012758649271664417,98577.4493852178,97319.73428241655
6200.0,3,0.00658122208405663,97319.73428241655,96679.25149794259
6200.0,4,0.0034924513864779175,96679.25149794259,96341.60391200495
6200.0,5,0.00187750049445158,96341.60391200495,96160.7225030239
6200.0,6,0.0010158917185019494,96160.7225030239,96063.03362138792
6200.0,7,0.000551550535815408,96063.03362138792,96010.05000372199
6200.0,8,0.00029998982918204867,96010.05000372199,95981.24796522161
6200.0,9,0.00016332380265228851,95981.24796522161,95965.57194282062
6200.0,10,8.896532687719945e-05,95965.57194282062,95957.03433434377
6300.0,1,0.02885407367954318,101325.0,98401.36098442029
6300.0,2,0.01395326556132228,98401.36098442029,97028.34066300913
6300.0,3,0.007386956872590091,97028.34066300913,96311.5964951125
6300.0,4,0.004023714218834685,96311.5964951125,95924.06615485645
6300.0,5,0.0022209805545384937,95924.06615485645,95711.02066921425
6300.0,6,0.0012342608152611568,95711.02066921425,95592.88830681359
6300.0,7,0.0006884014059247627,95592.88830681359,95527.08202810677
6300.0,8,0.0003847113831787694,95527.08202810677,95490.3316722487
6300.0,9,0.00021522982609527915,95490.3316722487,95469.77930476911
6300.0,10,0.00012048511548552678,95469.77930476911,95458.2766173842
6300.0,11,6.747009566525811e-05,95458.2766173842,95451.83603832878
6400.0,1,0.030326327027541247,101325.0,98252.18491393438
6400.0,2,0.015007815293564205,98252.18491393438,96777.63427055694
6400.0,3,0.008120778703038786,96777.63427055694,95991.72451924213
6400.0,4,0.004521429382358487,95991.72451924213,95557.70471553756
6400.0,5,0.0025515957604206915,95557.70471553756,95313.88008130986
6400.0,6,0.0014500980880591701,95313.88008130986,95175.66560603846
6400.0,7,0.000827261523863909,95175.66560603846,95096.93043987444
6400.0,8,0.00047294756692811273,95096.93043987444,95051.95457800057
6400.0,9,0.00027071032627785067,95051.95457800057,95026.22303236341
6400.0,10,0.0001550575757696184,95026.22303236341,95011.48849658547
6400.0,11,8.884851340170692e-05,95011.48849658547,95003.04686707647
6500.0,1,0.03140293629184552,101325.0,98143.09748022875
6500.0,2,0.01582905340119458,98143.09748022875,96589.58514925557
6500.0,3,0.008715429710772766,96589.58514925557,95747.76540909453
6500.0,4,0.004937835220146173,95747.76540909453,95274.97872080721
6500.0,5,0.002836099439339699,95274.97872080721,95004.76940707403
6500.0,6,0.001640738283878296,95004.76940707403,94848.89144475681
6500.0,7,0.0009529899534617076,94848.89144475681,94758.50140411298
6500.0,8,0.0005547754822576511,94758.50140411298,94705.9317107985
6500.0,9,0.0003233763982429626,94705.9317107985,94675.30604770962
6500.0,10,0.00018863586578998892,94675.30604770962,94657.44688938437
6500.0,11,0.00011008516778366336,94657.44688938437,94647.02650846158
6500.0,12,6.426035064062915e-05,94647.02650846158,94640.94445735106
6600.0,1,0.032464758256367174,101325.0,98035.5083696736
6600.0,2,0.01665245561579342,98035.5083696736,96402.97641777586
6600.0,3,0.009320935234626421,96402.97641777586,95504.41051816056
6600.0,4,0.005368555315467526,95504.41051816056,94991.68980742269
6600.0,5,0.0031351675098619785,94991.68980742269,94693.87494783157
6600.0,6,0.0018444781532468235,94693.87494783157,94519.21416424401
6600.0,7,0.001089643778405164,94519.21416424401,94416.2218905902
6600.0,8,0.0006452511344928255,94416.2218905902,94355.29971630077
6600.0,9,0.0003826265000537872,94355.29971630077,94319.1968782088
6600.0,10,0.00022707794341324006,94319.1968782088,94297.7790689573
6600.0,11,0.00013482907863603724,94297.7790689573,94285.06498628801
6600.0,12,8.007845669955975e-05,94285.06498628801,94277.51478379409
6700.0,1,0.033446523308739574,101325.0,97936.03102574196
6700.0,2,0.01743428720322593,97936.03102574196,96228.58613329513
6700.0,3,0.009907337691664546,96228.58613329513,95275.21703488115
6700.0,4,0.005793219127634941,95275.21703488115,94723.2668251651
6700.0,5,0.0034351536707320695,94723.2668251651,94397.8778474269
6700.0,6,0.002052343468872492,94397.8778474269,94204.14097935132
6700.0,7,0.0012314412408223835,94204.14097935132,94088.1341150931
6700.0,8,0.0007407308795315474,94088.1341150931,94018.44012875654
6700.0,9,0.00044621828900987686,94018.44012875654,93976.48738126691
6700.0,10,0.0002690394141780819,93976.48738126691,93951.20400215534
6700.0,11,0.00016229797834186872,93951.20400215534,93935.955911683
6700.0,12,9.793721115865657e-05,93935.955911683,93926.7560861335
6800.0,1,0.03391226668022749,101325.0,97888.83957862595
6800.0,2,0.017883195518920227,97888.83957862595,96138.27432132117
6800.0,3,0.010274441702617603,96138.27432132117,95150.50722641649
6800.0,4,0.006074171270210708,95150.50722641649,94572.54674907582
6800.0,5,0.0036418876282010024,94572.54674907582,94228.1241611029
6800.0,6,0.0022003757621933706,94228.1241611029,94020.78688058186
6800.0,7,0.0013352862922146548,94020.78688058186,93895.24221267698
6800.0,8,0.0008124068717585993,93895.24221267698,93818.96107267796
6800.0,9,0.0004950426310343068,93818.96107267796,93772.51668734764
6800.0,10,0.0003019362168174387,93772.51668734764,93744.20336841761
6800.0,11,0.00018426052872439348,93744.20336841761,93726.9300119401
6800.0,12,0.00011248587957718521,93726.9300119401,93716.38705577764
6800.0,13,6.868377987812297e-05,93716.38705577764,93709.95026007813
6900.0,1,0.03405528940232075,101325.0,97874.34780130985
6900.0,2,0.01811889792830824,97874.34780130985,96100.97248369818
6900.0,3,0.01049824634618842,96100.97248369818,95092.08080045604
6900.0,4,0.00625939034589932,95092.08080045604,94496.86234792219
6900.0,5,0.003785301381133561,94496.86234792219,94139.16324436381
6900.0,6,0.0023069832476273894,94139.16324436381,93921.9857718134
6900.0,7,0.0014123259437137695,93921.9857718134,93789.33731462275
6900.0,8,0.0008669197372610055,93789.33731462275,93708.02948696008
6900.0,9,0.0005329876656480295,93708.02948696008,93658.08426307135
6900.0,10,0.00032800258313918503,93658.08426307135,93627.36416950119
6900.0,11,0.00020197382819828237,93627.36416950119,93608.45389233576
6900.0,12,0.00012441448006936988,93608.45389233576,93596.80764521465
6900.0,13,7.665558849815414e-05,93596.80764521465,93589.63292684306
7000.0,1,0.03437617549917847,101325.0,97841.83401754574
7000.0,2,0.01847284380000641,97841.83401754574,96034.41710063347
7000.0,3,0.010804597218342258,96034.41710063347,94996.80390476284
7000.0,4,0.006503032715061232,94996.80390476284,94379.03658114391
7000.0,5,0.0039702330754965084,94379.03658114391,94004.32980847596
7000.0,6,0.0024430771378021305,94004.32980847596,93774.66997946646
7000.0,7,0.001510241532199345,93774.66997946646,93633.04757819518
7000.0,8,0.0009361458521843139,93633.04757819518,93545.39338907748
7000.0,9,0.0005812486347731731,93545.39338907748,93491.02025688076
7000.0,10,0.0003612622889008965,93491.02025688076,93457.24547691108
7000.0,11,0.00022467567736845565,93457.24547691108,93436.24790697856
7000.0,12,0.00013978427023650876,93436.24790697856,93423.18698925125
7000.0,13,8.698918534936407e-05,93423.18698925125,93415.06018232231
7100.0,1,0.03505690936038348,101325.0,97772.85865905914
7100.0,2,0.019070963754471128,97772.85865905914,95908.2360154012
7100.0,3,0.011283079207228526,95908.2360154012,94826.09579181386
7100.0,4,0.006869009981178278,94826.09579181386,94174.73439334372
7100.0,5,0.004242170718592101,94174.73439334372,93775.22909266909
7100.0,6,0.0026408942617477745,93775.22909266909,93527.57862826418
7100.0,7,0.0016517648300345053,93527.57862826418,93373.09306324772
7100.0,8,0.0010360316179533733,93373.09306324772,93276.3555865681
7100.0,9,0.0006509551621212497,93276.3555865681,93215.63686139516
7100.0,10,0.0004094454487498428,93215.63686139516,93177.47014312995
7100.0,11,0.0002577105663561507,93177.47014312995,93153.45732452773
7100.0,12,0.00016227466537718985,93153.45732452773,93138.34087841166
7100.0,13,0.00010220770595716777,93138.34087841166,93128.82142225382
7100.0,14,6.438555985486097e-05,93128.82142225382,93122.82527094793
7200.0,1,0.035419830115729134,101325.0,97736.08571352375
7200.0,2,0.019456275297579005,97736.08571352375,95834.50552337365
7200.0,3,0.011616461958183711,95834.50552337365,94721.24763568003
7200.0,4,0.007136574126466089,94721.24763568003,94045.26243057665
7200.0,5,0.004447998574857573,94045.26243057665,93626.94923731334
7200.0,6,0.00279478807208834,93626.94923731334,93365.28175635888
7200.0,7,0.0017644371655816794,93365.28175635888,93200.54458325295
7200.0,8,0.001117183014023304,93200.54458325295,93096.42251794682
7200.0,9,0.0007086349239795724,93096.42251794682,93030.45114165304
7200.0,10,0.00044999586615351666,93030.45114165304,92988.5878232129
7200.0,11,0.00028595745831792586,92988.5878232129,92961.9970429864
7200.0,12,0.000181797649585792,92961.9970429864,92945.09677042319
7200.0,13,0.00011561067738050753,92945.09677042319,92934.35132482636
7200.0,14,7.353355618421097e-05,92934.35132482636,92927.51753148178
7300.0,1,0.03528822211484317,101325.0,97749.42089421352
7300.0,2,0.019502776406417552,97749.42089421352,95843.03579465687
7300.0,3,0.011712433906926013,95843.03579465687,94720.4805724728
7300.0,4,0.007237923892176068,94720.4805724728,94034.9009430589
7300.0,5,0.004538076407064293,94034.9009430589,93608.16337764858
7300.0,6,0.002868615246665404,93608.16337764858,93339.63757297111
7300.0,7,0.0018221140644167529,93339.63757297111,93169.56210658184
7300.0,8,0.0011608183202742187,93169.56210658184,93061.4091719966
7300.0,9,0.0007408880757707823,93061.4091719966,92992.46108362664
7300.0,10,0.0004734169049562142,92992.46108362664,92948.43688051616
7300.0,11,0.0003027284094084234,92948.43688051616,92920.29874806233
7300.0,12,0.00019367113130573755,92920.29874806233,92902.30276868252
7300.0,13,0.0001239382964748393,92902.30276868252,92890.78861553878
7300.0,14,7.932835655397132e-05,92890.78861553878,92883.41974193891
7400.0,1,0.03515479747430416,101325.0,97762.94014591613
7400.0,2,0.019544919007691564,97762.94014591613,95852.1713988104
7400.0,3,0.011804579627138594,95852.1713988104,94720.67680909901
7400.0,4,0.0073366178241534965,94720.67680909901,94025.74740330549
7400.0,5,0.004626606368313144,94025.74740330549,93590.72728158395
7400.0,6,0.002941738105880567,93590.72728158395,93315.40787278264
7400.0,7,0.0018796503217665941,93315.40787278264,93140.00753634878
7400.0,8,0.001204646598563674,93140.00753634878,93027.80674307993
7400.0,9,0.0007735015484105327,93027.80674307993,92955.84959051892
7400.0,10,0.0004972564968568992,92955.84959051892,92909.62669038918
7400.0,11,0.0003199111090493608,92909.62669038918,92879.9038686733
7400.0,12,0.00020591542389257535,92879.9038686733,92860.77846389708
7400.0,13,0.00013258167736566052,92860.77846389708,92848.46682612685
7400.0,14,8.538171703791022e-05,92848.46682612685,92840.5392646049
7500.0,1,0.03525775820829341,101325.0,97752.50764954467
7500.0,2,0.0197476787291356,97752.50764954467,95822.12253351409
7500.0,3,0.012010471324452906,95822.12253351409,94671.25367857711
7500.0,4,0.007516733936561968,94671.25367857711,93959.63505323448
7500.0,5,0.004773599230240977,93959.63505323448,93511.10941167064
7500.0,6,0.003056823522691602,93511.10941167064,93225.26245278805
7500.0,7,0.0019672420696869204,93225.26245278805,93041.86579453333
7500.0,8,0.0012699364397656654,93041.86579453333,92923.70853873706
7500.0,9,0.0008213861779250311,92923.70853873706,92847.38228894181
7500.0,10,0.0005319222403037804,92847.38228894181,92797.99470134833
7500.0,11,0.00034474026969447423,92797.99470134833,92766.00349562788
7500.0,12,0.00022354078610069682,92766.00349562788,92745.26651028305
7500.0,13,0.00014499871229665072,92745.26651028305,92731.81856606745
7500.0,14,9.407273389607141e-05,92731.81856606745,92723.09503037579
7600.0,1,0.03511935120635444,101325.0,97766.53173901614
7600.0,2,0.019781049030027628,97766.53173901614,95832.6071811909
7600.0,3,0.012095359710468934,95832.6071811909,94673.47732534233
7600.0,4,0.007610659583606206,94673.47732534233,93952.94971782289
7600.0,5,0.004859599643094495,93952.94971782289,93496.37599690648
7600.0,6,0.0031290742724564783,93496.37599690648,93203.81889220665
7600.0,7,0.0020249828601736674,93203.81889220665,93015.0827564472
7600.0,8,0.0013145786183304654,93015.0827564472,92892.80711747333
7600.0,9,0.0008550896659186529,92892.80711747333,92813.37543806901
7600.0,10,0.0005569122635466787,92813.37543806901,92761.68653106639
7600.0,11,0.00036300807684810254,92761.68653106639,92728.01328963356
7600.0,12,0.0002367419285768175,92728.01328963356,92706.06068093427
7600.0,13,0.0001544482512751172,92706.06068093427,92691.7423919795
7600.0,14,0.00010078309195952427,92691.7423919795,92682.40063158212
7600.0,15,6.577418107090549e-05,92682.40063158212,92676.30452258089
7700.0,1,0.034570178066774204,101325.0,97822.1767073841
7700.0,2,0.0195248672050556,97822.1767073841,95912.21169746295
7700.0,3,0.011971400777366945,95912.21169746295,94764.00817178896
7700.0,4,0.007553866781948961,94764.00817178896,94048.17347833574
7700.0,5,0.004837255304870455,94048.17347833574,93593.23845226428
7700.0,6,0.0031238599197937777,93593.23845226428,93300.86628589955
7700.0,7,0.0020276590435096696,93300.86628589955,93111.68394060766
7700.0,8,0.001320305421823195,93111.68394060766,92988.74807946579
7700.0,9,0.0008614427975129941,92988.74807946579,92908.64359218298
7700.0,10,0.0005627793793199678,92908.64359218298,92856.35652340871
7700.0,11,0.0003679692725264042,92856.35652340871,92822.18823744934
7700.0,12,0.0002407241759718292,92822.18823744934,92799.84369267398
7700.0,13,0.0001575363360041731,92799.84369267398,92785.22434531688
7700.0,14,0.0001031196702745384,92785.22434531688,92775.65636357604
7700.0,15,6.75098979585351e-05,92775.65636357604,92769.3930884819
7800.0,1,0.034084124874777064,101325.0,97871.42604706321
7800.0,2,0.019308214283812564,97871.42604706321,95981.7035806842
7800.0,3,0.011873809738221967,95981.7035806842,94842.03509401674
7800.0,4,0.00751509363711684,94842.03509401674,94129.28831955048
7800.0,5,0.00482739795187315,94129.28831955048,93674.88878590541
7800.0,6,0.0031273751886733373,93674.88878590541,93381.93226291463
7800.0,7,0.002036473013572007,93381.93226291463,93191.762477906
7800.0,8,0.0013303632571550928,93191.762477906,93067.78358123587
7800.0,9,0.0008708584437128509,93067.78358123587,92986.73471606651
7800.0,10,0.0005708141570032789,92986.73471606651,92933.65657147707
7800.0,11,0.0003744650079554047,92933.65657147707,92898.8561690297
7800.0,12,0.0002457922990217956,92898.8561690297,92876.02234559543
7800.0,13,0.00016139215703892473,92876.02234559543,92861.03288401187
7800.0,14,0.00010599842896018954,92861.03288401187,92851.18976041455
7800.0,15,6.962798716633422e-05,92851.18976041455,92844.72471896553
7900.0,1,0.033776407370620064,101325.0,97902.60552317192
7900.0,2,0.019212252376190994,97902.60552317192,96021.67595757407
7900.0,3,0.011861441028504748,96021.67595757407,94882.72051074512
7900.0,4,0.007537191789477512,94882.72051074512,94167.57124874824
7900.0,5,0.0048611837853444525,94167.57124874824,93709.80537828855
7900.0,6,0.003162193893962524,93709.80537828855,93413.47680391691
7900.0,7,0.002067709692287641,93413.47680391691,93220.32485253917
7900.0,8,0.0013564463830304067,93220.32485253917,93093.87648006802
7900.0,9,0.0008916960770841788,93093.87648006802,93010.86503561019
7900.0,10,0.0005869661392834858,93010.86503561019,92956.27080724882
7900.0,11,0.00038671224473407284,92956.27080724882,92920.32347910284
7900.0,12,0.0002549238144871409,92920.32347910284,92896.63587579817
7900.0,13,0.00016811068267082882,92896.63587579817,92881.01895892326
7900.0,14,0.00011088861889610502,92881.01895892326,92870.71951100924
7900.0,15,7.315582398884756e-05,92870.71951100924,92863.92547699898
8000.0,1,0.034212438266313545,101325.0,97858.42469266578
8000.0,2,0.01963654479000154,97858.42469266578,95936.82335310926
8000.0,3,0.012225161293492359,95936.82335310926,94763.98021363221
8000.0,4,0.007832897848321863,94763.98021363221,94021.70363691844
8000.0,5,0.005094069510967016,94021.70363691844,93542.75054305243
8000.0,6,0.0033415686150493934,93542.75054305243,93230.17102367237
8000.0,7,0.0022035475881745366,93230.17102367237,93024.73390516806
8000.0,8,0.0014579285108296419,93024.73390516806,92889.11049339538
8000.0,9,0.0009666668961548186,92889.11049339538,92799.31766526814
8000.0,10,0.0006418308321252867,92799.31766526814,92739.75620199039
8000.0,11,0.00042654008999794637,92739.75620199039,92700.1989780336
8000.0,12,0.0002836350416730827,92700.1989780336,92673.90595323336
8000.0,13,0.0001886828270016075,92673.90595323336,92656.41997866883
8000.0,14,0.00012555071315964613,92656.41997866883,92644.78689906168
8000.0,15,8.355681607846885e-05,92644.78689906168,92637.04579564213
8100.0,1,0.03464018861520468,101325.0,97815.08288856439
8100.0,2,0.020056474277529317,97815.08288856439,95853.2571946555
8100.0,3,0.012587913230315221,95853.2571946555,94646.66471024608
8100.0,4,0.008130058634422932,94646.66471024608,93877.18177659922
8100.0,5,0.005329902195753535,93877.18177659922,93376.82557931697
8100.0,6,0.003524637512112427,93376.82557931697,93047.70611711813
8100.0,7,0.0023432907968542684,93047.70611711813,92829.66828370548
8100.0,8,0.0015631766390524562,92829.66828370548,92684.5591148334
8100.0,9,0.0010450608202538492,92684.5591148334,92587.69811345999
8100.0,10,0.0006996790388007914,92587.69811345999,92522.91644183919
8100.0,11,0.0004688872018171352,92522.91644183919,92479.53363044481
8100.0,12,0.00031442115286172,92479.53363044481,92450.45610886462
8100.0,13,0.00021092969100018172,92450.45610886462,92430.95556272475
8100.0,14,0.0001415421183492234,92430.95556272475,92417.87268947336
8100.0,15,9.499818988570132e-05,92417.87268947336,92409.09315885477
8200.0,1,0.035058801758750695,101325.0,97772.66691179459
8200.0,2,0.020471258624073858,97772.66691179459,95771.13736107781
8200.0,3,0.012948986488168845,95771.13736107781,94530.99819743265
8200.0,4,0.008428059994736531,94530.99819743265,93734.28527326236
8200.0,5,0.005568180269674934,93734.28527326236,93212.3558754117
8200.0,6,0.003711014807503091,93212.3558754117,92866.4434425158
8200.0,7,0.0024866614960686825,92866.4434425158,92635.51603333045
8200.0,8,0.0016720060508697043,92635.51603333045,92480.62888999729
8200.0,9,0.0011267682569076477,92480.62888999729,92376.42465298518
8200.0,10,0.000760458143632642,92376.42465298518,92306.17624857815
8200.0,11,0.0005137415219033534,92306.17624857815,92258.75473311113
8200.0,12,0.0003472969187083134,92258.75473311113,92226.71355186845
8200.0,13,0.0002348821128189478,92226.71355186845,92205.05114653104
8200.0,14,0.0001589017849706597,92205.05114653104,92190.39959932055
8200.0,15,0.00010752146711061102,92190.39959932055,92180.48715230211
8200.0,16,7.276469819151491e-05,92180.48715230211,92173.77966697533
8300.0,1,0.03502184009687515,101325.0,97776.41205218413
8300.0,2,0.020560256657828197,97776.41205218413,95766.10392530965
8300.0,3,0.013071210072515655,95766.10392530965,94514.32506307556
8300.0,4,0.008550553258173863,94514.32506307556,93706.17529296338
8300.0,5,0.005677819564664686,93706.17529296338,93174.1285375551
8300.0,6,0.0038035103296779143,93174.1285375551,92819.73977720377
8300.0,7,0.002561855761881985,92819.73977720377,92581.94899203915
8300.0,8,0.001731579767994667,92581.94899203915,92421.63596228302
8300.0,9,0.0011730692310478641,92421.63596228302,92313.21898485256
8300.0,10,0.0007959090800897198,92313.21898485256,92239.7460556502
8300.0,11,0.0005405598899538784,92239.7460556502,92189.88494867299
8300.0,12,0.0003673842280811122,92189.88494867299,92156.01583895423
8300.0,13,0.00024980279227093736,92156.01583895423,92132.9950088731
8300.0,14,0.000169906315186532,92132.9950088731,92117.34103118404
8300.0,15,0.00011558822856632349,92117.34103118404,92106.693350914
8300.0,16,7.864661892748605e-05,92106.693350914,92099.44947090137
8400.0,1,0.03453623209091616,101325.0,97825.61628338792
8400.0,2,0.020324638307051047,97825.61628338792,95837.3460152637
8400.0,3,0.012952599955119872,95837.3460152637,94596.00321156759
8400.0,4,0.008493861035424793,94596.00321156759,93792.51790578193
8400.0,5,0.00565439256360879,93792.51790578193,93262.17819001334
8400.0,6,0.003797549887172115,93262.17819001334,92908.01041575042
8400.0,7,0.002564519222477228,92908.01041575042,92669.74603711712
8400.0,8,0.0017379646189579765,92669.74603711712,92508.68929725679
8400.0,9,0.0011805411761675573,92508.68929725679,92399.47898038808
8400.0,10,0.0008031367678294027,92399.47898038808,92325.26956149066
8400.0,11,0.0005469477764765773,92325.26956149066,92274.7724605914
8400.0,12,0.0003727385507606641,92274.7724605914,92240.37809563267
8400.0,13,0.00025413663413377286,92240.37809563267,92216.93643641222
8400.0,14,0.00017332812658404635,92216.93643641222,92200.95264758037
8400.0,15,0.0001182402099932979,92200.95264758037,92190.05078757774
8400.0,16,8.067251395399979e-05,92190.05078757774,92182.61358441916
8500.0,1,0.03378128095210097,101325.0,97902.11170752837
8500.0,2,0.01989159453989671,97902.11170752837,95954.68259684254
8500.0,3,0.012685936085233869,95954.68259684254,94737.4076263401
8500.0,4,0.008325928684169343,94737.4076263401,93948.6307267201
8500.0,5,0.005547590640975818,93948.6307267201,93427.44218216806
8500.0,6,0.0037293515839648965,93427.44218216806,93079.0184026802
8500.0,7,0.0025209374618955383,93079.0184026802,92844.37201827242
8500.0,8,0.0017101503305904707,92844.37201827242,92685.59418477191
8500.0,9,0.0011628397931629595,92685.59418477191,92577.8156876009
8500.0,10,0.0007919170637437887,92577.8156876009,92504.50173563376
8500.0,11,0.0005398734947207187,92504.50173563376,92454.56100700435
8500.0,12,0.00036830681408581655,92454.56100700435,92420.50936219216
8500.0,13,0.00025138217877460013,92420.50936219216,92397.27649318523
8500.0,14,0.0001716326272398925,92397.27649318523,92381.4181058709
8500.0,15,0.00011720899310777827,92381.4181058709,92370.59017287283
8500.0,16,8.00547765763179e-05,92370.59017287283,92363.19546591432
8600.0,1,0.03347368447586418,101325.0,97933.27892048306
8600.0,2,0.01977657699418043,97933.27892048306,95996.49388961958
8600.0,3,0.012653115911905452,95996.49388961958,94781.8391252977
8600.0,4,0.008331252016167221,94781.8391252977,93992.18773698903
8600.0,5,0.005569336165152226,93992.18773698903,93468.71364658364
8600.0,6,0.0037564170216449924,93468.71364658364,93117.60617965035
8600.0,7,0.0025477833475450536,93117.60617965035,92880.36269326258
8600.0,8,0.0017342462497888977,92880.36269326258,92719.28527258275
8600.0,9,0.0011832756291231608,92719.28527258275,92609.57280196999
8600.0,10,0.0008086234585688828,92609.57280196999,92534.68652891427
8600.0,11,0.0005531820635856186,92534.68652891427,92483.49800006696
8600.0,12,0.0003787060667078615,92483.49800006696,92448.47393830397
8600.0,13,0.00025938738141001655,92448.47393830397,92424.49397073376
8600.0,14,0.00017772160666189838,92424.49397073376,92408.06814117037
8600.0,15,0.00012179529500975748,92408.06814117037,92396.81327324983
8600.0,16,8.348114903767796e-05,92396.81327324983,92389.09988111036
8700.0,1,0.03333081047898709,101325.0,97947.75562821663
8700.0,2,0.019777622766751372,97947.75562821663,96010.58186655182
8700.0,3,0.012705462040064395,96010.58186655182,94790.72306320185
8700.0,4,0.0083998018232944,94790.72306320185,93994.49977478417
8700.0,5,0.005638224703830652,93994.49977478417,93464.53766412978
8700.0,6,0.003818670876501596,93464.53766412978,93107.62735616608
8700.0,7,0.0026008773682691037,93107.62735616608,92865.46583536219
8700.0,8,0.0017778898501407774,92865.46583536219,92700.3612662249
8700.0,9,0.0012182377738685216,92700.3612662249,92587.43018447913
8700.0,10,0.0008360983283556553,92587.43018447913,92510.01798887514
8700.0,11,0.0005744529084861751,92510.01798887514,92456.87533997733
8700.0,12,0.0003949774268499369,92456.87533997733,92420.35696126096
8700.0,13,0.0002717121731581858,92420.35696126096,92395.24522522696
8700.0,14,0.00018698028467416423,92395.24522522696,92377.9691359722
8700.0,15,0.00012870201489867476,92377.9691359722,92366.07990521216
8700.0,16,8.86023982503484e-05,92366.07990521216,92357.89604901557
