Engine,RPM,Torque_Nm,Power_kW
Daytona675,2400,31.314,7.928
Daytona675,2500,35.124,9.112
Daytona675,2600,39.763,10.753
Daytona675,2700,43.243,12.302
Daytona675,2800,46.059,13.578
Daytona675,2900,47.882,14.762
Daytona675,3000,49.87,15.947
Daytona675,3100,51.03,16.767
Daytona675,3200,51.858,17.587
Daytona675,3300,52.521,18.407
Daytona675,3400,53.515,19.318
Daytona675,3500,53.846,20.047
Daytona675,3600,54.177,20.685
Daytona675,3700,54.177,21.141
Daytona675,3800,54.509,21.961
Daytona675,3900,54.509,22.599
Daytona675,4000,54.095,23.054
Daytona675,4100,53.515,23.237
Daytona675,4200,52.769,23.51
Daytona675,4300,51.361,23.875
Daytona675,4400,51.361,24.057
Daytona675,4500,51.361,24.604
Daytona675,4600,51.527,25.333
Daytona675,4700,52.189,26.244
Daytona675,4800,52.686,26.882
Daytona675,4900,53.018,27.838
Daytona675,5000,52.355,28.748
Daytona675,5100,53.515,29.662
Daytona675,5200,54.509,30.474
Daytona675,5300,55.172,31.073
Daytona675,5400,54.343,31.62
Daytona675,5500,54.509,32.258
Daytona675,5600,54.509,32.896
Daytona675,5700,54.84,33.579
Daytona675,5800,55.172,34.445
Daytona675,5900,55.586,35.311
Daytona675,6000,56,36.085
Daytona675,6100,56.166,36.86
Daytona675,6200,56.663,37.725
Daytona675,6300,56.994,38.682
Daytona675,6400,57.16,39.275
Daytona675,6500,57.16,40.004
Daytona675,6600,56.828,40.55
Daytona675,6700,56.828,41.097
Daytona675,6800,56.828,41.826
Daytona675,6900,56.994,42.464
Daytona675,7000,57.491,43.557
Daytona675,7100,58.154,44.469
Daytona675,7200,58.982,45.653
Daytona675,7300,58.982,46.473
Daytona675,7400,58.982,47.385
Daytona675,7500,59.148,48.114
Daytona675,7600,59.645,48.888
Daytona675,7700,59.976,49.845
Daytona675,7800,60.308,50.528
Daytona675,7900,60.308,51.303
Daytona675,8000,60.391,52.305
Daytona675,8100,60.805,53.399
Daytona675,8200,61.136,54.128
Daytona675,8300,61.467,55.039
Daytona675,8400,61.964,56.406
Daytona675,8500,62.296,57.408
Daytona675,8600,62.959,58.684
Daytona675,8700,63.621,59.869
Daytona675,8800,64.118,61.144
Daytona675,8900,64.781,62.42
Daytona675,9000,65.112,63.605
Daytona675,9100,65.444,64.789
Daytona675,9200,65.941,65.609
Daytona675,9300,66.438,66.885
Daytona675,9400,66.769,67.888
Daytona675,9500,67.266,69.072
Daytona675,9600,67.432,70.075
Daytona675,9700,67.432,70.712
Daytona675,9800,67.432,71.35
Daytona675,9900,67.266,72.216
Daytona675,10000,66.935,72.717
Daytona675,10100,66.769,73.127
Daytona675,10200,66.769,73.628
Daytona675,10300,66.438,74.175
Daytona675,10400,66.106,74.631
Daytona675,10500,65.609,74.722
Daytona675,10600,65.444,75.36
Daytona675,10700,65.278,75.906
Daytona675,10800,65.278,76.818
Daytona675,10900,65.609,77.729
Daytona675,11000,65.941,78.458
Daytona675,11100,65.941,79.278
Daytona675,11200,66.106,80.28
Daytona675,11300,66.272,81.101
Daytona675,11400,66.106,81.921
Daytona675,11500,66.106,82.376
Daytona675,11600,66.106,83.151
Daytona675,11700,65.775,83.743
Daytona675,11800,65.775,84.29
Daytona675,11900,65.444,84.472
Daytona675,12000,65.112,84.882
Daytona675,12100,64.947,85.201
Daytona675,12200,64.45,85.247
Daytona675,12300,63.953,85.292
Daytona675,12400,63.29,85.292
Daytona675,12500,62.959,85.657
Daytona675,12600,62.627,85.839
Daytona675,12700,62.296,86.021
Daytona675,12800,61.633,86.021
Daytona675,12900,61.302,86.021
Daytona675,13000,60.639,85.748
Daytona675,13100,59.976,85.475
Daytona675,13200,59.314,85.11
Daytona675,13300,58.651,84.746
Daytona675,13400,57.988,84.472
Daytona675,13500,56.331,82.832
CBR600RR,2400,21.947,5.539
CBR600RR,2500,20.259,5.192
CBR600RR,2600,21.719,5.668
CBR600RR,2700,25.233,6.32
CBR600RR,2800,27.925,7.003
CBR600RR,2900,30.389,7.713
CBR600RR,3000,32.487,8.444
CBR600RR,3100,34.678,9.192
CBR600RR,3200,36.138,9.953
CBR600RR,3300,37.05,10.722
CBR600RR,3400,37.233,11.493
CBR600RR,3500,37.552,12.263
CBR600RR,3600,37.507,13.027
CBR600RR,3700,37.461,13.78
CBR600RR,3800,37.461,14.517
CBR600RR,3900,37.415,15.234
CBR600RR,4000,37.423,15.926
CBR600RR,4100,37.794,16.588
CBR600RR,4200,38.396,17.216
CBR600RR,4300,39.079,17.806
CBR600RR,4400,39.697,18.351
CBR600RR,4500,40.427,18.823
CBR600RR,4600,41.111,19.645
CBR600RR,4700,41.431,20.424
CBR600RR,4800,41.522,20.857
CBR600RR,4900,41.704,21.116
CBR600RR,5000,41.704,21.549
CBR600RR,5100,41.522,22.068
CBR600RR,5200,41.613,22.501
CBR600RR,5300,41.522,23.02
CBR600RR,5400,41.522,23.406
CBR600RR,5500,41.578,23.884
CBR600RR,5600,41.728,24.423
CBR600RR,5700,41.942,25.01
CBR600RR,5800,42.192,25.637
CBR600RR,5900,42.449,26.293
CBR600RR,6000,42.708,26.966
CBR600RR,6100,43.073,27.648
CBR600RR,6200,43.333,28.327
CBR600RR,6300,43.824,28.992
CBR600RR,6400,44.168,29.634
CBR600RR,6500,44.442,30.246
CBR600RR,6600,44.99,30.939
CBR600RR,6700,45.355,31.631
CBR600RR,6800,45.902,32.367
CBR600RR,6900,46.541,33.448
CBR600RR,7000,46.997,34.227
CBR600RR,7100,47.317,34.967
CBR600RR,7200,48.191,36.172
CBR600RR,7300,49.37,37.639
CBR600RR,7400,49.918,39.151
CBR600RR,7500,50.556,40.493
CBR600RR,7600,51.469,41.448
CBR600RR,7700,52.108,41.843
CBR600RR,7800,52.838,42.665
CBR600RR,7900,53.294,43.703
CBR600RR,8000,53.659,44.569
CBR600RR,8100,54.024,45.434
CBR600RR,8200,54.298,46.213
CBR600RR,8300,54.572,47.079
CBR600RR,8400,54.937,47.771
CBR600RR,8500,54.663,48.204
CBR600RR,8600,54.572,48.809
CBR600RR,8700,54.389,49.261
CBR600RR,8800,54.024,49.588
CBR600RR,8900,54.115,50.108
CBR600RR,9000,54.298,50.713
CBR600RR,9100,54.389,51.579
CBR600RR,9200,54.8,52.531
CBR600RR,9300,55.509,53.557
CBR600RR,9400,56.078,54.662
CBR600RR,9500,56.604,55.805
CBR600RR,9600,57.078,56.944
CBR600RR,9700,57.491,58.041
CBR600RR,9800,57.832,59.054
CBR600RR,9900,58.094,59.942
CBR600RR,10000,58.268,60.666
CBR600RR,10100,58.313,61.315
CBR600RR,10200,58.496,62.007
CBR600RR,10300,58.496,62.57
CBR600RR,10400,58.496,63.132
CBR600RR,10500,58.496,63.695
CBR600RR,10600,58.313,64.127
CBR600RR,10700,58.404,64.863
CBR600RR,10800,58.496,65.261
CBR600RR,10900,58.769,65.813
CBR600RR,11000,58.432,66.444
CBR600RR,11100,58.313,67.113
CBR600RR,11200,58.313,67.676
CBR600RR,11300,58.085,68.151
CBR600RR,11400,57.948,68.671
CBR600RR,11500,57.948,69.06
CBR600RR,11600,57.766,69.493
CBR600RR,11700,57.492,70.012
CBR600RR,11800,57.583,70.618
CBR600RR,11900,57.401,70.964
CBR600RR,12000,57.172,71.224
CBR600RR,12100,56.99,71.57
CBR600RR,12200,56.716,71.916
CBR600RR,12300,56.488,72.089
CBR600RR,12400,56.306,72.435
CBR600RR,12500,55.941,72.781
CBR600RR,12600,55.758,72.781
CBR600RR,12700,55.393,72.955
CBR600RR,12800,54.754,72.955
CBR600RR,12900,54.298,72.781
CBR600RR,13000,53.842,72.608
CBR600RR,13100,53.385,72.565
CBR600RR,13200,52.382,72.003
CBR600RR,13300,51.971,71.916
CBR600RR,13400,51.56,71.57
CBR600RR,13500,51.15,71.613
CBR600RR,13600,50.648,71.57
CBR600RR,13700,50.1,71.31
CBR600RR,13800,49.644,70.878
CBR600RR,13900,49.096,70.921
CBR600RR,14000,48.64,70.791
CBR600RR,14100,48.457,70.791
CBR600RR,14200,47.956,70.704
CBR600RR,14300,47.454,70.704
CBR600RR,14400,47.134,70.358
CBR600RR,14500,46.632,70.142
CBR600RR,14600,46.222,69.839
CBR600RR,14700,45.72,69.666
CBR600RR,14800,45.355,69.536
CBR600RR,14900,44.898,69.32
CBR600RR,15000,44.442,69.19
CBR600RR,15100,43.895,68.714
CBR600RR,15200,42.982,67.502
CBR600RR,15300,42.161,66.118
R6,3200,22.906,7.789
R6,3300,25.096,8.784
R6,3400,27.833,9.952
R6,3500,29.704,10.731
R6,3600,31.073,11.683
R6,3700,31.803,12.202
R6,3800,32.122,12.592
R6,3900,32.487,13.068
R6,4000,32.853,13.674
R6,4100,33.218,14.15
R6,4200,33.583,14.669
R6,4300,34.039,15.102
R6,4400,34.586,15.837
R6,4500,35.18,16.443
R6,4600,35.727,17.135
R6,4700,36.548,17.914
R6,4800,37.233,18.693
R6,4900,38.054,19.558
R6,5000,38.875,20.251
R6,5100,39.606,20.943
R6,5200,40.153,21.722
R6,5300,40.701,22.241
R6,5400,40.792,22.847
R6,5500,41.157,23.626
R6,5600,41.476,24.145
R6,5700,41.796,24.837
R6,5800,42.069,25.616
R6,5900,42.024,25.53
R6,6000,41.933,25.962
R6,6100,42.252,26.568
R6,6200,42.617,27.261
R6,6300,42.8,28.126
R6,6400,43.347,28.645
R6,6500,43.712,29.294
R6,6600,43.803,30.03
R6,6700,43.803,30.419
R6,6800,43.347,30.636
R6,6900,42.708,30.636
R6,7000,42.252,30.636
R6,7100,41.796,30.895
R6,7200,41.815,31.285
R6,7300,41.867,31.411
R6,7400,41.947,31.696
R6,7500,42.047,32.126
R6,7600,42.161,32.683
R6,7700,42.252,33.349
R6,7800,42.252,34.108
R6,7900,42.343,34.943
R6,8000,42.708,35.837
R6,8100,42.891,36.772
R6,8200,43.438,37.731
R6,8300,43.803,38.697
R6,8400,44.26,39.653
R6,8500,44.807,40.582
R6,8600,45.537,41.466
R6,8700,46.724,42.319
R6,8800,48.001,44.136
R6,8900,49.416,45.694
R6,9000,50.465,47.252
R6,9100,51.56,48.896
R6,9200,52.61,50.281
R6,9300,53.477,51.492
R6,9400,54.389,52.877
R6,9500,54.845,54.088
R6,9600,55.119,54.781
R6,9700,55.393,55.646
R6,9800,55.565,56.252
R6,9900,55.724,57.377
R6,10000,55.833,58.026
R6,10100,55.804,58.632
R6,10200,55.621,59.021
R6,10300,55.302,59.194
R6,10400,54.937,59.454
R6,10500,54.663,59.714
R6,10600,54.48,59.887
R6,10700,54.298,60.319
R6,10800,54.389,61.012
R6,10900,54.572,61.661
R6,11000,54.572,62.31
R6,11100,54.937,63.262
R6,11200,55.302,64.3
R6,11300,55.621,65.339
R6,11400,55.849,66.031
R6,11500,56.123,66.983
R6,11600,56.214,67.762
R6,11700,56.214,68.368
R6,11800,56.032,68.714
R6,11900,55.667,68.974
R6,12000,55.302,69.06
R6,12100,54.891,69.06
R6,12200,54.48,68.887
R6,12300,54.161,68.887
R6,12400,53.659,68.887
R6,12500,53.203,69.06
R6,12600,52.564,68.974
R6,12700,52.382,69.06
R6,12800,52.016,69.147
R6,12900,51.834,69.32
R6,13000,52.108,70.272
R6,13100,52.473,71.483
R6,13200,53.157,72.781
R6,13300,53.157,73.387
R6,13400,53.613,74.339
R6,13500,53.705,75.118
R6,13600,53.477,75.594
R6,13700,53.112,75.681
R6,13800,53.02,75.81
R6,13900,52.564,75.724
R6,14000,51.743,75.118
R6,14100,50.83,74.382
R6,14200,50.146,73.95
R6,14300,49.507,73.647
R6,14400,49.005,73.257
R6,14500,48.503,73.128
R6,14600,48.092,72.565
R6,14700,47.362,72.349
R6,14800,46.997,72.262
R6,14900,46.632,72.089
R6,15000,46.267,72.003
R6,15100,45.994,71.916
R6,15200,45.537,71.743
R6,15300,45.035,71.656
R6,15400,44.579,71.397
R6,15500,44.26,71.051
R6,15600,43.803,70.878
R6,15700,43.21,70.618
R6,15800,42.708,70.099
ZX6R,3100,27.195,9.26
ZX6R,3200,30.115,10.342
ZX6R,3300,33.765,11.683
ZX6R,3400,36.229,13.167
ZX6R,3500,40.062,14.885
ZX6R,3600,41.066,15.621
ZX6R,3700,42.343,16.313
ZX6R,3800,43.393,17.135
ZX6R,3900,44.168,17.871
ZX6R,4000,44.716,18.606
ZX6R,4100,45.081,19.126
ZX6R,4200,45.355,19.818
ZX6R,4300,45.811,20.51
ZX6R,4400,45.902,21.03
ZX6R,4500,46.267,21.635
ZX6R,4600,46.541,22.328
ZX6R,4700,46.906,23.28
ZX6R,4800,47.18,24.145
ZX6R,4900,47.773,24.353
ZX6R,5000,47.401,24.667
ZX6R,5100,47.271,25.011
ZX6R,5200,47.727,25.616
ZX6R,5300,47.819,26.049
ZX6R,5400,47.454,26.655
ZX6R,5500,47.545,27.174
ZX6R,5600,47.499,27.607
ZX6R,5700,47.499,28.039
ZX6R,5800,47.545,28.645
ZX6R,5900,47.545,29.251
ZX6R,6000,47.773,29.77
ZX6R,6100,47.727,30.116
ZX6R,6200,47.727,30.549
ZX6R,6300,47.636,31.068
ZX6R,6400,47.271,31.328
ZX6R,6500,47.089,31.796
ZX6R,6600,47.459,32.71
ZX6R,6700,48.275,33.838
ZX6R,6800,49.091,34.921
ZX6R,6900,49.461,35.698
ZX6R,7000,49.918,36.347
ZX6R,7100,50.739,37.473
ZX6R,7200,51.469,38.598
ZX6R,7300,52.29,39.697
ZX6R,7400,52.929,41.281
ZX6R,7500,53.294,41.843
ZX6R,7600,53.659,42.405
ZX6R,7700,54.115,43.314
ZX6R,7800,54.389,44.179
ZX6R,7900,54.709,44.915
ZX6R,8000,55.256,45.91
ZX6R,8100,55.895,47.079
ZX6R,8200,56.579,48.204
ZX6R,8300,57.127,49.156
ZX6R,8400,57.401,50.108
ZX6R,8500,57.401,50.713
ZX6R,8600,57.492,51.406
ZX6R,8700,57.218,51.665
ZX6R,8800,56.579,51.665
ZX6R,8900,56.351,52.185
ZX6R,9000,56.214,52.853
ZX6R,9100,56.265,53.64
ZX6R,9200,56.398,54.512
ZX6R,9300,56.671,55.436
ZX6R,9400,57.036,56.376
ZX6R,9500,57.309,57.299
ZX6R,9600,57.766,58.172
ZX6R,9700,57.948,58.959
ZX6R,9800,58.313,59.627
ZX6R,9900,58.769,60.493
ZX6R,10000,59.043,61.488
ZX6R,10100,59.5,62.786
ZX6R,10200,60.138,63.868
ZX6R,10300,60.412,64.733
ZX6R,10400,60.777,65.945
ZX6R,10500,61.051,66.81
ZX6R,10600,61.416,67.632
ZX6R,10700,61.872,68.714
ZX6R,10800,62.146,69.753
ZX6R,10900,62.42,70.834
ZX6R,11000,62.83,71.873
ZX6R,11100,62.785,72.435
ZX6R,11200,62.694,72.998
ZX6R,11300,62.602,73.344
ZX6R,11400,62.329,73.647
ZX6R,11500,62.055,74.08
ZX6R,11600,61.69,74.253
ZX6R,11700,61.325,74.512
ZX6R,11800,61.051,74.685
ZX6R,11900,60.868,75.205
ZX6R,12000,60.503,75.464
ZX6R,12100,60.503,76.07
ZX6R,12200,60.503,76.589
ZX6R,12300,60.503,77.282
ZX6R,12400,60.503,77.974
ZX6R,12500,60.503,78.58
ZX6R,12600,60.503,79.272
ZX6R,12700,60.503,79.964
ZX6R,12800,60.503,80.484
ZX6R,12900,60.503,81.176
ZX6R,13000,60.503,81.868
ZX6R,13100,60.503,82.474
ZX6R,13200,60.503,82.82
ZX6R,13300,60.275,82.82
ZX6R,13400,59.974,82.907
ZX6R,13500,59.405,82.664
ZX6R,13600,58.675,82.344
ZX6R,13700,57.893,82.344
ZX6R,13800,57.164,82.301
ZX6R,13900,56.579,81.479
ZX6R,14000,56.032,80.83
ZX6R,14100,54.937,80.137
ZX6R,14200,54.207,79.705
ZX6R,14300,53.705,79.662
ZX6R,14400,53.248,79.229
ZX6R,14500,52.473,78.796
ZX6R,14600,51.743,77.844
YZ450F,4300,24.993,11.254
YZ450F,4400,27.778,12.799
YZ450F,4500,31.532,14.859
YZ450F,4600,32.7,15.752
YZ450F,4700,33.538,16.507
YZ450F,4800,34.172,17.177
YZ450F,4900,34.712,17.812
YZ450F,5000,35.264,18.464
YZ450F,5100,36.372,19.425
YZ450F,5200,37.69,20.524
YZ450F,5300,38.711,21.485
YZ450F,5400,39.587,22.386
YZ450F,5500,40.664,23.421
YZ450F,5600,41.832,24.531
YZ450F,5700,42.991,25.661
YZ450F,5800,44.052,26.756
YZ450F,5900,44.928,27.759
YZ450F,6000,45.541,28.614
YZ450F,6100,45.781,29.244
YZ450F,6200,46.1,29.931
YZ450F,6300,46.524,30.693
YZ450F,6400,46.811,31.373
YZ450F,6500,46.999,31.991
YZ450F,6600,47.056,32.523
YZ450F,6700,47.406,33.261
YZ450F,6800,47.529,33.845
YZ450F,6900,47.553,34.36
YZ450F,7000,47.576,34.875
YZ450F,7100,47.552,35.356
YZ450F,7200,47.62,35.905
YZ450F,7300,48.495,37.072
YZ450F,7400,48.283,37.415
YZ450F,7500,48.185,37.845
YZ450F,7600,48.073,38.26
YZ450F,7700,47.973,38.683
YZ450F,7800,47.874,39.104
YZ450F,7900,47.768,39.518
YZ450F,8000,47.645,39.915
YZ450F,8100,47.498,40.289
YZ450F,8200,47.318,40.632
YZ450F,8300,47.097,40.936
YZ450F,8400,46.83,41.194
YZ450F,8500,46.508,41.398
YZ450F,8600,46.273,41.673
YZ450F,8700,46.08,41.982
YZ450F,8800,45.854,42.256
YZ450F,8900,45.671,42.565
YZ450F,9000,45.527,42.909
YZ450F,9100,45.243,43.115
YZ450F,9200,44.912,43.269
YZ450F,9300,44.588,43.424
YZ450F,9400,44.288,43.595
YZ450F,9500,43.925,43.698
YZ450F,9600,43.604,43.836
YZ450F,9700,43.222,43.904
YZ450F,9800,42.748,43.87
YZ450F,9900,42.25,43.801
YZ450F,10000,41.729,43.698
YZ450F,10100,41.153,43.527
YZ450F,10200,40.557,43.321
YZ450F,10300,40.45,43.63
YZ450F,10400,39.935,43.492
YZ450F,10500,39.429,43.355
YZ450F,10600,38.934,43.218
YZ450F,10700,37.957,42.531
YZ450F,10800,37.424,42.325
YZ450F,10900,37.185,42.445
YZ450F,11000,36.624,42.188
YZ450F,11100,36.146,42.016
YZ450F,11200,35.648,41.81
YZ450F,11300,35.042,41.467
YZ450F,11400,34.375,41.038
YZ450F,11500,33.663,40.54
YZ450F,11600,33.09,40.196
YZ450F,11700,32.555,39.887
YZ450F,11800,32.029,39.578
MT07,2500,47.454,12.424
MT07,2600,49.954,13.601
MT07,2700,52.244,14.772
MT07,2800,54.233,15.902
MT07,2900,55.83,16.955
MT07,3000,56.944,17.89
MT07,3100,57.708,18.734
MT07,3200,58.333,19.548
MT07,3300,58.846,20.336
MT07,3400,59.278,21.106
MT07,3500,59.656,21.866
MT07,3600,59.999,22.62
MT07,3700,60.307,23.367
MT07,3800,60.578,24.107
MT07,3900,60.813,24.837
MT07,4000,61.012,25.557
MT07,4100,61.176,26.267
MT07,4200,61.316,26.969
MT07,4300,61.44,27.667
MT07,4400,61.561,28.366
MT07,4500,61.69,29.071
MT07,4600,61.835,29.787
MT07,4700,61.989,30.51
MT07,4800,62.138,31.235
MT07,4900,62.269,31.953
MT07,5000,62.368,32.656
MT07,5100,62.437,33.346
MT07,5200,62.493,34.031
MT07,5300,62.541,34.712
MT07,5400,62.588,35.394
MT07,5500,62.639,36.078
MT07,5600,62.695,36.767
MT07,5700,62.753,37.458
MT07,5800,62.811,38.15
MT07,5900,62.864,38.841
MT07,6000,62.91,39.528
MT07,6100,62.954,40.216
MT07,6200,62.998,40.903
MT07,6300,63.032,41.585
MT07,6400,63.046,42.254
MT07,6500,62.946,42.847
MT07,6600,62.683,43.324
MT07,6700,62.307,43.717
MT07,6800,61.869,44.057
MT07,6900,61.42,44.381
MT07,7000,61.012,44.725
MT07,7100,60.623,45.075
MT07,7200,60.21,45.398
MT07,7300,59.788,45.706
MT07,7400,59.372,46.01
MT07,7500,58.978,46.322
MT07,7600,58.59,46.631
MT07,7700,58.196,46.927
MT07,7800,57.82,47.229
MT07,7900,57.485,47.558
MT07,8000,57.216,47.934
MT07,8100,57.03,48.376
MT07,8200,56.906,48.866
MT07,8300,56.802,49.372
MT07,8400,56.679,49.859
MT07,8500,56.496,50.289
MT07,8600,56.212,50.625
MT07,8700,55.182,50.275
MT07,8800,54.37,50.105
MT07,8900,53.648,50.001
MT07,9000,52.877,49.836
MT07,9100,52.007,49.561
MT07,9200,51.086,49.219
MT07,9300,50.127,48.819
MT07,9400,49.138,48.371
MT07,9500,48.132,47.884
MT07,9600,47.104,47.355
MT07,9700,46.047,46.775
MT07,9800,44.961,46.142
MT07,9900,43.848,45.459
MT07,10000,42.708,44.725
CRF450R,4300,36.544,16.456
CRF450R,4400,36.57,16.85
CRF450R,4500,37.725,17.777
CRF450R,4600,38.939,18.757
CRF450R,4700,40.134,19.753
CRF450R,4800,41.242,20.731
CRF450R,4900,42.2,21.654
CRF450R,5000,42.952,22.489
CRF450R,5100,43.443,23.202
CRF450R,5200,43.995,23.957
CRF450R,5300,44.619,24.764
CRF450R,5400,45.219,25.571
CRF450R,5500,45.828,26.395
CRF450R,5600,46.297,27.15
CRF450R,5700,46.98,28.043
CRF450R,5800,47.612,28.918
CRF450R,5900,48.166,29.759
CRF450R,6000,48.675,30.583
CRF450R,6100,49.113,31.373
CRF450R,6200,49.59,32.197
CRF450R,6300,49.974,32.969
CRF450R,6400,50.294,33.708
CRF450R,6500,50.403,34.308
CRF450R,6600,50.409,34.841
CRF450R,6700,50.489,35.424
CRF450R,6800,50.542,35.991
CRF450R,6900,50.593,36.557
CRF450R,7000,50.597,37.089
CRF450R,7100,50.507,37.553
CRF450R,7200,50.443,38.033
CRF450R,7300,50.246,38.411
CRF450R,7400,50.121,38.84
CRF450R,7500,49.344,38.754
CRF450R,7600,49.169,39.132
CRF450R,7700,48.701,39.269
CRF450R,7800,48.623,39.716
CRF450R,7900,48.588,40.196
CRF450R,8000,48.114,40.308
CRF450R,8100,47.591,40.368
CRF450R,8200,47.43,40.729
CRF450R,8300,47.234,41.055
CRF450R,8400,47.023,41.364
CRF450R,8500,46.721,41.587
CRF450R,8600,46.264,41.665
CRF450R,8700,45.788,41.716
CRF450R,8800,45.407,41.844
CRF450R,8900,45.044,41.982
CRF450R,9000,44.653,42.085
CRF450R,9100,43.892,41.827
CRF450R,9200,43.112,41.535
CRF450R,9300,42.613,41.501
CRF450R,9400,42.09,41.432
CRF450R,9500,41.475,41.261
CRF450R,9600,40.872,41.089
CRF450R,9700,40.315,40.952
CRF450R,9800,39.703,40.746
CRF450R,9900,39.17,40.608
CRF450R,10000,38.647,40.471
CRF450R,10100,38.135,40.334
CRF450R,10200,37.632,40.196
CRF450R,10300,37.076,39.99
CRF450R,10400,36.436,39.681
CRF450R,10500,35.808,39.372
CRF450R,10600,35.191,39.063
CRF450R,10700,34.709,38.892
CRF450R,10800,34.358,38.857
CRF450R,10900,33.892,38.686
CRF450R,11000,33.435,38.514
CRF450R,11100,32.986,38.342
CRF450R,11200,32.735,38.394
CRF450R,11300,32.518,38.48
CRF450R,11400,32.003,38.205
CRF450R,11500,31.667,38.136
CRF450R,11600,30.956,37.604
450SXF,4500,34.665,16.335
450SXF,4600,34.766,16.747
450SXF,4700,35.315,17.382
450SXF,4800,36.153,18.172
450SXF,4900,37.131,19.053
450SXF,5000,38.115,19.957
450SXF,5100,38.979,20.817
450SXF,5200,39.645,21.588
450SXF,5300,40.165,22.292
450SXF,5400,40.787,23.065
450SXF,5500,41.714,24.026
450SXF,5600,42.609,24.987
450SXF,5700,43.644,26.051
450SXF,5800,44.475,27.013
450SXF,5900,44.832,27.699
450SXF,6000,45.451,28.558
450SXF,6100,46.05,29.416
450SXF,6200,46.735,30.343
450SXF,6300,46.955,30.978
450SXF,6400,47.169,31.613
450SXF,6500,47.377,32.248
450SXF,6600,47.528,32.849
450SXF,6700,47.798,33.536
450SXF,6800,48.276,34.377
450SXF,6900,48.74,35.218
450SXF,7000,48.981,35.905
450SXF,7100,49.168,36.557
450SXF,7200,49.305,37.175
450SXF,7300,49.213,37.621
450SXF,7400,48.991,37.965
450SXF,7500,48.535,38.119
450SXF,7600,48.047,38.239
450SXF,7700,47.934,38.651
450SXF,7800,47.95,39.166
450SXF,7900,48.132,39.819
450SXF,8000,48.083,40.282
450SXF,8100,48.117,40.814
450SXF,8200,47.89,41.123
450SXF,8300,47.748,41.501
450SXF,8400,47.843,42.085
450SXF,8500,47.801,42.548
450SXF,8600,47.721,42.977
450SXF,8700,47.55,43.321
450SXF,8800,47.345,43.63
450SXF,8900,47.07,43.87
450SXF,9000,46.839,44.145
450SXF,9100,46.576,44.385
450SXF,9200,46.23,44.539
450SXF,9300,45.927,44.728
450SXF,9400,45.439,44.728
450SXF,9500,44.857,44.625
450SXF,9600,44.219,44.454
450SXF,9700,43.695,44.385
450SXF,9800,43.183,44.316
450SXF,9900,42.713,44.282
450SXF,10000,42.188,44.179
450SXF,10100,41.51,43.904
450SXF,10200,40.782,43.561
450SXF,10300,40.195,43.355
450SXF,10400,39.667,43.2
450SXF,10500,39.148,43.046
450SXF,10600,38.655,42.909
450SXF,10700,38.202,42.806
450SXF,10800,37.727,42.668
450SXF,10900,36.93,42.153
450SXF,11000,36.296,41.81
450SXF,11100,35.851,41.673
450SXF,11200,35.384,41.501
450SXF,11300,34.723,41.089
450SXF,11400,33.987,40.574
690Duke,2200,32.713,7.112
690Duke,2300,36.67,8.386
690Duke,2400,40.337,9.766
690Duke,2500,41.495,10.509
690Duke,2600,43.232,11.411
690Duke,2700,45.355,12.419
690Duke,2800,47.478,13.587
690Duke,2900,49.215,14.542
690Duke,3000,50.18,15.286
690Duke,3100,50.662,16.029
690Duke,3200,51.241,16.719
690Duke,3300,52.013,17.515
690Duke,3400,52.689,18.311
690Duke,3500,53.461,19.16
690Duke,3600,53.847,19.956
690Duke,3700,53.847,20.593
690Duke,3800,54.04,21.23
690Duke,3900,54.233,21.973
690Duke,4000,54.812,22.61
690Duke,4100,55.101,23.406
690Duke,4200,55.777,24.255
690Duke,4300,55.777,25.051
690Duke,4400,56.838,25.9
690Duke,4500,56.742,26.537
690Duke,4600,57.321,27.493
690Duke,4700,57.9,28.342
690Duke,4800,58.479,29.403
690Duke,4900,59.83,30.624
690Duke,5000,60.602,31.633
690Duke,5100,61.856,32.906
690Duke,5200,63.304,34.074
690Duke,5300,64.427,35.932
690Duke,5400,65.041,37.046
690Duke,5500,65.234,37.365
690Duke,5600,64.462,37.683
690Duke,5700,64.462,38.479
690Duke,5800,64.462,39.222
690Duke,5900,64.462,39.859
690Duke,6000,64.462,40.602
690Duke,6100,65.33,41.823
690Duke,6200,66.585,43.415
690Duke,6300,68.129,44.901
690Duke,6400,68.708,46.175
690Duke,6500,69.287,47.13
690Duke,6600,69.48,48.086
690Duke,6700,69.48,48.988
690Duke,6800,68.804,49.466
690Duke,6900,68.418,49.678
690Duke,7000,67.936,50.049
690Duke,7100,67.936,50.739
690Duke,7200,67.55,51.164
690Duke,7300,66.585,51.164
690Duke,7400,65.813,51.164
690Duke,7500,65.041,51.376
690Duke,7600,64.172,51.376
690Duke,7700,62.821,51.005
690Duke,7800,61.567,50.686
690Duke,7900,60.602,50.527
690Duke,8000,60.409,51.058
690Duke,8100,60.216,51.589
690Duke,8200,60.216,52.119
690Duke,8300,59.637,52.226
690Duke,8400,58.575,51.907
690Duke,8500,57.224,51.323
690Duke,8600,56.259,51.164
690Duke,8700,55.777,51.164